time,CP_ABEMACICLIB_UM
0,0
0.17,0.0057
0.34,0.0111
0.5,0.0164
0.67,0.0214
0.84,0.0262
1.01,0.0308
1.18,0.0353
1.35,0.0395
1.51,0.0436
1.68,0.0475
1.85,0.0512
2.02,0.0547
2.19,0.0582
2.35,0.0614
2.52,0.0644
2.69,0.0673
2.86,0.0701
3.03,0.0728
3.2,0.0753
3.36,0.0777
3.53,0.0799
3.7,0.0822
3.87,0.0844
4.04,0.0866
4.2,0.0886
4.37,0.0904
4.54,0.0922
4.71,0.094
4.88,0.0958
5.05,0.0974
5.21,0.0989
5.38,0.1002
5.55,0.1015
5.72,0.1029
5.89,0.1044
6.05,0.1056
6.22,0.1068
6.39,0.1079
6.56,0.109
6.73,0.1098
6.89,0.1107
7.06,0.1117
7.23,0.1127
7.4,0.1134
7.57,0.1141
7.74,0.1145
7.9,0.1154
8.07,0.116
8.24,0.1164
8.41,0.1168
8.58,0.1173
8.74,0.1176
8.91,0.1181
9.08,0.1186
9.25,0.1189
9.42,0.1193
9.59,0.1195
9.75,0.1196
9.92,0.1197
10.09,0.1198
10.26,0.1201
10.43,0.1203
10.59,0.1204
10.76,0.1204
10.93,0.1205
11.1,0.1205
11.27,0.1203
11.44,0.1203
11.6,0.1201
11.77,0.1201
11.94,0.12
12,0.1199
12.11,0.1239
12.28,0.13
12.44,0.1354
12.61,0.1404
12.78,0.1453
12.95,0.1501
13.12,0.1545
13.29,0.1589
13.45,0.1627
13.62,0.1663
13.79,0.17
13.96,0.1734
14.13,0.1766
14.29,0.1797
14.46,0.1826
14.63,0.1854
14.8,0.188
14.97,0.1904
15.14,0.1929
15.3,0.1951
15.47,0.1973
15.64,0.1992
15.81,0.2009
15.98,0.2026
16.14,0.2042
16.31,0.2057
16.48,0.2072
16.65,0.2086
16.82,0.21
16.98,0.2111
17.15,0.2123
17.32,0.2134
17.49,0.2144
17.66,0.2154
17.83,0.2161
17.99,0.2165
18.16,0.2172
18.33,0.2181
18.5,0.2184
18.67,0.2187
18.83,0.2191
19,0.2195
19.17,0.2197
19.34,0.2199
19.51,0.2202
19.68,0.2207
19.84,0.2209
20.01,0.2211
20.18,0.2211
20.35,0.2209
20.52,0.2208
20.68,0.2204
20.85,0.22
21.02,0.2201
21.19,0.2201
21.36,0.2203
21.53,0.2199
21.69,0.2196
21.86,0.2193
22.03,0.219
22.2,0.2189
22.37,0.2187
22.53,0.2179
22.7,0.2173
22.87,0.2167
23.04,0.2161
23.21,0.2157
23.38,0.2151
23.54,0.2145
23.71,0.214
23.88,0.2133
24,0.2129
24.05,0.2144
24.22,0.2199
24.38,0.2258
24.55,0.2308
24.72,0.2353
24.89,0.2396
25.06,0.2436
25.23,0.2477
25.39,0.2511
25.56,0.2549
25.73,0.258
25.9,0.261
26.07,0.2638
26.23,0.2664
26.4,0.2688
26.57,0.2711
26.74,0.2733
26.91,0.2753
27.08,0.2772
27.24,0.2791
27.41,0.2807
27.58,0.2824
27.75,0.2838
27.92,0.2852
28.08,0.2865
28.25,0.2875
28.42,0.2885
28.59,0.2896
28.76,0.2904
28.92,0.2911
29.09,0.2915
29.26,0.2922
29.43,0.2928
29.6,0.2933
29.77,0.2938
29.93,0.2942
30.1,0.2945
30.27,0.2946
30.44,0.2947
30.61,0.2947
30.77,0.2947
30.94,0.2945
31.11,0.2942
31.28,0.2938
31.45,0.2936
31.62,0.2935
31.78,0.293
31.95,0.2928
32.12,0.2923
32.29,0.2917
32.46,0.2909
32.62,0.2904
32.79,0.2896
32.96,0.2888
33.13,0.2883
33.3,0.2875
33.47,0.2869
33.63,0.2861
33.8,0.2854
33.97,0.2847
34.14,0.2835
34.31,0.2823
34.47,0.2816
34.64,0.2809
34.81,0.2799
34.98,0.279
35.15,0.278
35.32,0.277
35.48,0.276
35.65,0.275
35.82,0.2742
35.99,0.2729
36,0.2728
36.16,0.2777
36.32,0.2829
36.49,0.2874
36.66,0.2925
36.83,0.2969
37,0.3008
37.17,0.3045
37.33,0.3078
37.5,0.3112
37.67,0.3144
37.84,0.3176
38.01,0.3203
38.17,0.3229
38.34,0.3252
38.51,0.3272
38.68,0.3291
38.85,0.3309
39.02,0.3324
39.18,0.3339
39.35,0.3353
39.52,0.3365
39.69,0.3374
39.86,0.3383
40.02,0.3392
40.19,0.3399
40.36,0.3407
40.53,0.3412
40.7,0.3415
40.86,0.3417
41.03,0.342
41.2,0.3422
41.37,0.3421
41.54,0.3422
41.71,0.3419
41.87,0.3417
42.04,0.3416
42.21,0.3414
42.38,0.341
42.55,0.3407
42.71,0.3406
42.88,0.3404
43.05,0.3397
43.22,0.339
43.39,0.3382
43.56,0.3377
43.72,0.337
43.89,0.3364
44.06,0.336
44.23,0.3349
44.4,0.334
44.56,0.3328
44.73,0.3318
44.9,0.331
45.07,0.3303
45.24,0.3291
45.41,0.3279
45.57,0.327
45.74,0.3263
45.91,0.3251
46.08,0.324
46.25,0.3228
46.41,0.3217
46.58,0.3206
46.75,0.3193
46.92,0.318
47.09,0.3167
47.26,0.3154
47.42,0.3143
47.59,0.313
47.76,0.3117
47.93,0.3108
48,0.3102
48.1,0.3128
48.26,0.3177
48.43,0.3222
48.6,0.3263
48.77,0.3307
48.94,0.3349
49.11,0.3387
49.27,0.3419
49.44,0.345
49.61,0.348
49.78,0.3504
49.95,0.3531
50.11,0.3551
50.28,0.3571
50.45,0.3589
50.62,0.3606
50.79,0.3623
50.95,0.3639
51.12,0.3652
51.29,0.3664
51.46,0.3675
51.63,0.3684
51.8,0.369
51.96,0.3696
52.13,0.3702
52.3,0.3708
52.47,0.3713
52.64,0.3719
52.8,0.3721
52.97,0.3721
53.14,0.3722
53.31,0.3721
53.48,0.3721
53.65,0.372
53.81,0.3719
53.98,0.3718
54.15,0.3716
54.32,0.3709
54.49,0.3702
54.65,0.3694
54.82,0.3688
54.99,0.3678
55.16,0.367
55.33,0.3662
55.5,0.3651
55.66,0.3642
55.83,0.3635
56,0.3626
56.17,0.3616
56.34,0.3606
56.5,0.3596
56.67,0.3589
56.84,0.3575
57.01,0.3566
57.18,0.3556
57.35,0.3545
57.51,0.354
57.68,0.3525
57.85,0.3514
58.02,0.3501
58.19,0.3485
58.35,0.3475
58.52,0.3459
58.69,0.3444
58.86,0.3432
59.03,0.3415
59.2,0.3398
59.36,0.338
59.53,0.3365
59.7,0.3349
59.87,0.3333
60,0.3323
60.04,0.3333
60.2,0.3388
60.37,0.3436
60.54,0.3484
60.71,0.3523
60.88,0.3561
61.05,0.3592
61.21,0.3625
61.38,0.365
61.55,0.3681
61.72,0.3707
61.89,0.3734
62.05,0.3756
62.22,0.3779
62.39,0.3796
62.56,0.3812
62.73,0.3828
62.89,0.3842
63.06,0.3854
63.23,0.3865
63.4,0.3874
63.57,0.3883
63.74,0.389
63.9,0.3897
64.07,0.3903
64.24,0.3909
64.41,0.3908
64.58,0.3909
64.74,0.3908
64.91,0.3907
65.08,0.3904
65.25,0.3903
65.42,0.39
65.59,0.3897
65.75,0.3895
65.92,0.3889
66.09,0.3887
66.26,0.3881
66.43,0.3877
66.59,0.3871
66.76,0.3867
66.93,0.3858
67.1,0.3853
67.27,0.3843
67.44,0.3833
67.6,0.3823
67.77,0.3814
67.94,0.3805
68.11,0.3797
68.28,0.3785
68.44,0.3777
68.61,0.3763
68.78,0.3747
68.95,0.3736
69.12,0.3724
69.29,0.3708
69.45,0.3691
69.62,0.3676
69.79,0.366
69.96,0.3646
70.13,0.3633
70.29,0.3622
70.46,0.3609
70.63,0.3594
70.8,0.3576
70.97,0.3562
71.14,0.3547
71.3,0.3527
71.47,0.351
71.64,0.3494
71.81,0.3476
71.98,0.3463
72,0.3462
72.14,0.3502
72.31,0.3551
72.48,0.3599
72.65,0.3638
72.82,0.3678
72.98,0.3712
73.15,0.374
73.32,0.3771
73.49,0.3799
73.66,0.3823
73.83,0.385
73.99,0.3876
74.16,0.3897
74.33,0.3916
74.5,0.3931
74.67,0.3948
74.83,0.3961
75,0.3974
75.17,0.3984
75.34,0.3993
75.51,0.4002
75.68,0.4009
75.84,0.4015
76.01,0.402
76.18,0.4024
76.35,0.4026
76.52,0.4027
76.68,0.4027
76.85,0.4026
77.02,0.4025
77.19,0.4023
77.36,0.402
77.53,0.4018
77.69,0.4008
77.86,0.4003
78.03,0.3998
78.2,0.3992
78.37,0.3987
78.53,0.3978
78.7,0.3971
78.87,0.3962
79.04,0.3954
79.21,0.3945
79.38,0.3935
79.54,0.3926
79.71,0.3916
79.88,0.3908
80.05,0.3896
80.22,0.3878
80.38,0.3869
80.55,0.3855
80.72,0.3844
80.89,0.3831
81.06,0.382
81.23,0.3807
81.39,0.3792
81.56,0.3776
81.73,0.3758
81.9,0.3744
82.07,0.3728
82.23,0.3709
82.4,0.3695
82.57,0.3682
82.74,0.3664
82.91,0.365
83.08,0.3635
83.24,0.3619
83.41,0.3605
83.58,0.3589
83.75,0.3573
83.92,0.356
84,0.3551
84.08,0.3575
84.25,0.3625
84.42,0.3667
84.59,0.3706
84.76,0.3748
84.92,0.3786
85.09,0.3814
85.26,0.3846
85.43,0.3871
85.6,0.3893
85.77,0.3913
85.93,0.3934
86.1,0.3957
86.27,0.3977
86.44,0.3994
86.61,0.4009
86.77,0.4022
86.94,0.4034
87.11,0.4043
87.28,0.4053
87.45,0.4062
87.62,0.4069
87.78,0.4074
87.95,0.4079
88.12,0.4082
88.29,0.4084
88.46,0.4086
88.62,0.4089
88.79,0.4089
88.96,0.4088
89.13,0.4086
89.3,0.4083
89.47,0.408
89.63,0.4078
89.8,0.407
89.97,0.4065
90.14,0.4058
90.31,0.4052
90.47,0.4045
90.64,0.4038
90.81,0.4031
90.98,0.4025
91.15,0.4016
91.32,0.4006
91.48,0.3993
91.65,0.3982
91.82,0.3972
91.99,0.396
92.16,0.3949
92.32,0.3937
92.49,0.3926
92.66,0.3913
92.83,0.3898
93,0.3883
93.17,0.3871
93.33,0.3854
93.5,0.3839
93.67,0.3827
93.84,0.3809
94.01,0.3796
94.17,0.378
94.34,0.3766
94.51,0.3753
94.68,0.3739
94.85,0.3721
95.02,0.3704
95.18,0.3686
95.35,0.3669
95.52,0.3655
95.69,0.3638
95.86,0.362
96,0.3605
96.02,0.3611
96.19,0.366
96.36,0.3707
96.53,0.375
96.7,0.3788
96.86,0.3826
97.03,0.386
97.2,0.3892
97.37,0.392
97.54,0.3947
97.71,0.3964
97.87,0.3986
98.04,0.4009
98.21,0.4028
98.38,0.4044
98.55,0.4058
98.71,0.407
98.88,0.4082
99.05,0.4093
99.22,0.4102
99.39,0.411
99.56,0.4118
99.72,0.4125
99.89,0.413
100.06,0.4133
100.23,0.4136
100.4,0.4137
100.56,0.4137
100.73,0.4137
100.9,0.4136
101.07,0.4136
101.24,0.4134
101.41,0.4131
101.57,0.4128
101.74,0.4124
101.91,0.4118
102.08,0.4108
102.25,0.4102
102.41,0.4097
102.58,0.409
102.75,0.4079
102.92,0.4072
103.09,0.4062
103.26,0.4052
103.42,0.4041
103.59,0.4029
103.76,0.4018
103.93,0.401
104.1,0.3994
104.26,0.3982
104.43,0.3971
104.6,0.3956
104.77,0.3943
104.94,0.3929
105.11,0.3915
105.27,0.3901
105.44,0.3886
105.61,0.3872
105.78,0.3857
105.95,0.3842
106.11,0.3827
106.28,0.3814
106.45,0.3795
106.62,0.3779
106.79,0.3761
106.95,0.3745
107.12,0.3727
107.29,0.3711
107.46,0.3694
107.63,0.3678
107.8,0.3663
107.96,0.3645
108,0.3642
108.13,0.3676
108.3,0.3728
108.47,0.3776
108.64,0.3812
108.8,0.3849
108.97,0.3879
109.14,0.3912
109.31,0.3942
109.48,0.3971
109.65,0.3997
109.81,0.402
109.98,0.4041
110.15,0.4058
110.32,0.4073
110.49,0.4087
110.65,0.4101
110.82,0.4112
110.99,0.4123
111.16,0.4134
111.33,0.4142
111.5,0.415
111.66,0.4157
111.83,0.4162
112,0.4167
112.17,0.4171
112.34,0.4173
112.5,0.4168
112.67,0.4169
112.84,0.4168
113.01,0.4167
113.18,0.4164
113.35,0.4161
113.51,0.416
113.68,0.4155
113.85,0.4148
114.02,0.4139
114.19,0.4135
114.35,0.4128
114.52,0.412
114.69,0.4109
114.86,0.4102
115.03,0.4092
115.2,0.4082
115.36,0.4073
115.53,0.4064
115.7,0.4052
115.87,0.4037
116.04,0.4026
116.2,0.4013
116.37,0.4001
116.54,0.3988
116.71,0.3975
116.88,0.3965
117.05,0.3952
117.21,0.3938
117.38,0.3922
117.55,0.3906
117.72,0.3892
117.89,0.3874
118.05,0.3857
118.22,0.3841
118.39,0.3823
118.56,0.3807
118.73,0.379
118.89,0.3773
119.06,0.3755
119.23,0.374
119.4,0.3723
119.57,0.3707
119.74,0.3689
119.9,0.3674
120,0.3665
120.07,0.3681
120.24,0.3727
120.41,0.3778
120.58,0.3823
120.74,0.386
120.91,0.3893
121.08,0.3922
121.25,0.3954
121.42,0.398
121.59,0.4008
121.75,0.4035
121.92,0.4055
122.09,0.4074
122.26,0.409
122.43,0.4105
122.59,0.4119
122.76,0.413
122.93,0.4142
123.1,0.4152
123.27,0.416
123.44,0.4167
123.6,0.4173
123.77,0.4178
123.94,0.4182
124.11,0.4186
124.28,0.4189
124.44,0.4189
124.61,0.4191
124.78,0.419
124.95,0.4189
125.12,0.4188
125.29,0.4185
125.45,0.4182
125.62,0.4181
125.79,0.4172
125.96,0.4167
126.13,0.4159
126.29,0.4148
126.46,0.4141
126.63,0.4134
126.8,0.4124
126.97,0.4118
127.14,0.4108
127.3,0.4095
127.47,0.4082
127.64,0.407
127.81,0.4059
127.98,0.4049
128.14,0.4035
128.31,0.4026
128.48,0.4011
128.65,0.3999
128.82,0.3987
128.98,0.3975
129.15,0.396
129.32,0.3945
129.49,0.3931
129.66,0.3911
129.83,0.3893
129.99,0.3875
130.16,0.3859
130.33,0.3842
130.5,0.3825
130.67,0.381
130.83,0.3792
131,0.3777
131.17,0.3758
131.34,0.3743
131.51,0.3728
131.68,0.3715
131.84,0.3702
132.01,0.3686
132.18,0.367
132.35,0.3653
132.52,0.3635
132.68,0.3617
132.85,0.3596
133.02,0.3578
133.19,0.3558
133.36,0.3542
133.53,0.3522
133.69,0.3507
133.86,0.3488
134.03,0.3468
134.2,0.3449
134.37,0.3433
134.53,0.3418
134.7,0.34
134.87,0.3379
135.04,0.3358
135.21,0.3342
135.38,0.3322
135.54,0.3305
135.71,0.3288
135.88,0.3271
136.05,0.3255
136.22,0.3237
136.38,0.3219
136.55,0.3201
136.72,0.3186
136.89,0.3167
137.06,0.3146
137.23,0.3128
137.39,0.3113
137.56,0.3095
137.73,0.3078
137.9,0.3061
138.07,0.3043
138.23,0.3026
138.4,0.301
138.57,0.2992
138.74,0.2976
138.91,0.2958
139.08,0.2938
139.24,0.2919
139.41,0.2899
139.58,0.2882
139.75,0.2862
139.92,0.2845
140.08,0.2829
140.25,0.2811
140.42,0.2795
140.59,0.2776
140.76,0.2759
140.92,0.2741
141.09,0.2724
141.26,0.2708
141.43,0.269
141.6,0.2671
141.77,0.2654
141.93,0.2638
142.1,0.2622
142.27,0.2603
142.44,0.2588
142.61,0.2573
142.77,0.2557
142.94,0.2539
143.11,0.2523
143.28,0.2507
143.45,0.2491
143.62,0.2476
143.78,0.246
143.95,0.2444
144.12,0.2428
144.29,0.2411
144.46,0.2395
144.62,0.238
144.79,0.2365
144.96,0.235
145.13,0.2335
145.3,0.2319
145.47,0.2306
145.63,0.2291
145.8,0.2278
145.97,0.2263
146.14,0.2247
146.31,0.2232
146.47,0.2216
146.64,0.22
146.81,0.2186
146.98,0.2172
147.15,0.2157
147.32,0.2142
147.48,0.2127
147.65,0.2115
147.82,0.2102
147.99,0.2089
148.16,0.2075
148.32,0.2063
148.49,0.205
148.66,0.2038
148.83,0.2024
149,0.201
149.17,0.1996
149.33,0.1983
149.5,0.1968
149.67,0.1955
149.84,0.1943
150.01,0.193
150.17,0.1916
150.34,0.1904
150.51,0.1893
150.68,0.1881
150.85,0.1869
151.02,0.1856
151.18,0.1844
151.35,0.1832
151.52,0.182
151.69,0.1808
151.86,0.1797
152.02,0.1785
152.19,0.1773
152.36,0.1761
152.53,0.1749
152.7,0.1737
152.86,0.1725
153.03,0.1713
153.2,0.1701
153.37,0.1689
153.54,0.1678
153.71,0.1667
153.87,0.1655
154.04,0.1645
154.21,0.1634
154.38,0.1622
154.55,0.1612
154.71,0.16
154.88,0.1589
155.05,0.1579
155.22,0.1568
155.39,0.1556
155.56,0.1544
155.72,0.1534
155.89,0.1524
156.06,0.1514
156.23,0.1503
156.4,0.1491
156.56,0.1481
156.73,0.1471
156.9,0.1461
157.07,0.1451
157.24,0.1441
157.41,0.1431
157.57,0.1423
157.74,0.1411
157.91,0.1402
158.08,0.1391
158.25,0.1382
158.41,0.1372
158.58,0.1363
158.75,0.1354
158.92,0.1345
159.09,0.1336
159.26,0.1326
159.42,0.1317
159.59,0.1309
159.76,0.1299
159.93,0.1289
160.1,0.128
160.26,0.1271
160.43,0.1262
160.6,0.1254
160.77,0.1244
160.94,0.1236
161.11,0.1228
161.27,0.1219
161.44,0.121
161.61,0.1202
161.78,0.1193
161.95,0.1185
162.11,0.1176
162.28,0.1169
162.45,0.1161
162.62,0.1153
162.79,0.1145
162.95,0.1136
163.12,0.1128
163.29,0.112
163.46,0.1112
163.63,0.1105
163.8,0.1097
163.96,0.109
164.13,0.1082
164.3,0.1074
164.47,0.1065
164.64,0.1057
164.8,0.1048
164.97,0.1041
165.14,0.1033
165.31,0.1026
165.48,0.1019
165.65,0.1013
165.81,0.1006
165.98,0.0999
166.15,0.0992
166.32,0.0984
166.49,0.0978
166.65,0.097
166.82,0.0963
166.99,0.0957
167.16,0.0951
167.33,0.0944
167.5,0.0937
167.66,0.093
167.83,0.0924
168,0.0918
